,-2-3-,-2-7-,dip_x,dip_y,dip_z,Total,"Dist(1, 2)","Dist(2, 3)","Dist(2, 7)",NPA_1,NPA_2,NPA_3,NPA_7,diff 1 2,diff 2 3,diff 2 7,B1,B5,L,loc.B5
2BM,1852.2336,2969.838,-1.644,0.2726,0.0002,1.6665,1.486883502,1.198793288,1.106300093,-0.16694,0.42341,-0.49232,0.11575,0.59035,0.91573,0.30766,2.42,4.9,7.36,3.57
2BO,1751.7997,3050.6833,-2.5676,-2.1251,0.0006,3.333,1.450932222,1.22386668,1.098026882,-0.28314,0.41948,-0.5828,0.12982,0.70262,1.00228,0.28966,1.7,5.61,6.89,1.96
2BS,1848.2345,3025.6338,-1.6857,-0.904,0,1.9128,1.489308516,1.198069939,1.101379877,-0.29152,0.40752,-0.47388,0.13574,0.69904,0.8814,0.27178,1.7,3.79,7.35,4.18
2BW,1832.9761,2941.2351,-1.688,-3.1699,-0.0002,3.5913,1.474919415,1.203160555,1.108726492,-0.19642,0.42568,-0.52376,0.10139,0.6221,0.94944,0.32429,1.89,5.38,8.8,4.39
