,-2-3-,-2-7-,dip_x,dip_y,dip_z,Total,"Dist(1, 2)","Dist(2, 3)","Dist(2, 7)",NPA_1,NPA_2,NPA_3,NPA_7,diff 1 2,diff 2 3,diff 2 7,B1,B5,L,loc.B5,class
2BD,1840.8184,2953.7541,-1.7957,-2.778,0.0002,3.3079,1.481008096,1.201641806,1.107685426,-0.18325,0.42515,-0.51257,0.10611,0.6084,0.93772,0.31904,1.7,3.16,6.73,4.09,2
2BE,1816.8664,3153.5036,-2.0134,-3.2963,0.0007,3.8625,1.499291782,1.203890347,1.090192854,-0.23955,0.41419,-0.51653,0.14347,0.65374,0.93072,0.27072,1.96,5.13,6.76,1.06,2
2BF,1840.6664,2957.7627,-0.9763,-1.9781,0.0006,2.2059,1.478978588,1.201632001,1.107574584,-0.19909,0.42497,-0.51279,0.10766,0.62406,0.93776,0.31731,2.4,3.38,9.95,6.23,1
2BG,1833.3041,2950.0881,-3.1797,-3.2482,-0.0002,4.5455,1.475457474,1.202904067,1.108010051,-0.20388,0.423,-0.51955,0.10493,0.62688,0.94255,0.31807,1.78,3.33,9.02,6.19,2
2BH,1820.846,2940.5127,-1.8308,-5.9448,-0.0012,6.2203,1.467192942,1.205708989,1.10887301,-0.2403,0.42218,-0.53757,0.10072,0.66248,0.95975,0.32146,1.89,3.18,8.85,4.06,3
2BI,1834.9682,2956.1169,-0.4711,-4.4139,-0.001,4.4389,1.476511004,1.202773705,1.107690396,-0.19323,0.42618,-0.52136,0.10602,0.61941,0.94754,0.32016,1.76,4.86,7.37,5.55,3